13855284,Dr Seuss - The Cat In The Hat
13855314,Dr Seuss - The Cat In The Hat Comes Back
15985811,Stan Berenstain - Old Hat New Hat
45317712,Dr Seuss Cat In The Hat Platinum Collection - DVD
53202024,Suzanne Bettley Mocha Crochet Sun Hat
53202048,Suzanne Bettley Natural Crochet Sun Hat
53202161,Suzanne Bettley Black Sun Hat
53202192,Suzanne Bettley Cream Sun Hat
53253347,Ladies' Wool Cloche Hat - Black
53361363,The Girl In The Hard Hat by Loretta Hill
53944429,Suzanne Bettley Hat - Indigo Blue
53944443,Suzanne Bettley Hat - Oat
53945068,Suzanne Bettley Knit Hat - Charcoal
53945174,Suzanne Bettley Knit Hat - Oat
54116412,Reversible Sun Smart Hat - Black / Leopard Print
54116443,Reversible Sun Smart Hat - White / Leopard Print
54133198,Woven Basic Summer Floppy Hat
54133297,Woven Basic Summer Floppy Hat
54133389,Woven Basic Floppy Hat - Aqua
54470194,Cream Wide Brim Hat
54628960,Crochet Hat With Metal Trim - Natural
54634596,Ladies' Solid Brim Bucket Hat - Natural / Black
54635630,Ladies' Sun Hat - White / Natural
54913325,Ladies' Classic Floppy Hat - Blue
56086461,Reversible Sun Hat - Black
56086492,Reversible Sun Hat - White
56086508,Reversible Sun Hat - Blue
56109924,Floppy Straw Hat - Black
56110043,Floppy Straw Hat - White
56110074,Floppy Straw Hat - Peacoat
56110166,Floppy Straw Hat - Bluebird
56110180,Floppy Straw Hat - Pink
56110302,Floppy Straw Hat - Natural
56963113,Charlotte's Web + The Cat In The Hat 2 Pack - DVD
57247311,Wool Floppy Hat
57247397,Wool Floppy Hat
57256665,Wool Cloche Hat
57256801,Wool Cloche Hat
57408484,I Hate Myselfie
57612713,Stacey Lacey Hat - Black
57695013,The Amazing Zhus Magicians Hat
57736556,Sheriff Callie Cowgirl Hat
57750064,Men's Reversible Bucket Hat - Blue/Grey
57750378,Men's Reversible Bucket Hat - Black
57753287,Men's Panama Hat - White
57754406,Men's Straw Trilby Hat - Natural
57755021,Men's Piping Hot Large Straw Hat - Natural
57759388,Men's Reversible Bucket Hat - Blue/Charcoal
57831848,Basic Floppy Straw Hat
57831879,Basic Floppy Straw Hat
57831930,Basic Floppy Straw Hat
57836836,Reversible Sun Hat
57837345,Reversible Sun Hat
57837352,Reversible Sun Hat
57849478,Men's Piping Hot Reversible Brim Hat - Black/Blue
57849485,Piping Hot Reversible Canvas Bucket Hat - Black
57957678,Sabina Crochet Floppy Hat
57957692,Sabina Crochet Floppy Hat
57957715,Sabina Crochet Floppy Hat
58056554,Patience Bucket Hat
58056578,Patience Bucket Hat - Peach Spot
58056608,Patience Bucket Hat - White Spot
58145128,Lamaze Twist & Turn Hatchlings
58174005,Tiana Panama Hat
58174135,Tinker Panama Hat
58174289,Tinker Panama Hat
58174562,Tippy Wide Brim Hat
58174630,Tippy Wide Brim Hat
58175514,Tamara Boater Hat
58175552,Lil Loves Trixie Wide Brim Hat
58175606,Lil Loves Trixie Wide Brim Hat
58244920,Patience Bucket Hat - Black Spot
58245019,Patience Bucket Hat
58245026,Patience Bucket Hat
58245484,Sabina Crochet Floppy Hat
58264478,Basic Floppy Straw Hat
58264645,Basic Floppy Straw Hat
58264652,Basic Floppy Straw Hat
58273357,Piping Hot Palmer Castro Hat
58276778,Piping Hot Pippa Sun Hat
58734315,Patience Bucket Hat
58734483,Patience Bucket Hat
58734506,Patience Bucket Hat
58762745,Girls' Jersey Bucket Hat - White
58762752,Girls' Bunny Bucket Hat - Pink
58774229,Piping Hot Straw Hat - Natural
58774243,Piping Hot Reversible Bucket Hat - Palm Blue
58774298,Piping Hot Reversible Bucket Hat
58774335,Piping Hot Reversible Bucket Hat
58854587,Travellers Hat
58854778,Travellers Hat
58920671,Lily Loves Toni Wool Bowler Hat
58921432,Wendy Wool Cloche Hat
58921449,Wendy Wool Cloche Hat
58921562,Wilma Wool Floppy Hat
58921586,Wilma Wool Floppy Hat
58921630,Wilma Wool Floppy Hat
58921784,Wilma Wool Floppy Hat
58921791,Wilma Wool Floppy Hat
58943410,Synamay Cloche Hat - Black
59074267,Aussie Easter Hat Parade
59298847,Kids Headphone Hat - Frozen Elsa
59298854,Kids Headphone Hat - My Little Pony
59298861,Kids Headphone Hat - Paw Patrol
59298878,Kids Headphone Hat - Star Wars
59375920,Santa Hat Seat Cover
59416548,Floppy Straw Hat
59416555,Floppy Straw Hat
59416562,Floppy Straw Hat
59416579,Floppy Straw Hat
59416586,Floppy Straw Hat
59416593,Floppy Straw Hat
59416609,Paper Straw Bucket Hat
59416616,Paper Straw Bucket Hat
59416661,Trilby Straw Hat
59416678,Trilby Straw Hat
59416821,Tamara Boater Hat
59416838,Tamara Boater Hat
59416852,Bucket Hat
59416869,Bucket Hat
59416876,Bucket Hat
59416883,Dana Crushable Ribbon Hat
59417217,Wilma Wool Floppy Hat
59417224,Wilma Wool Floppy Hat
59417286,Simba Wide Brim Hat
59417477,Reversible Sun Hat
59417484,Reversible Sun Hat
59417491,Reversible Sun Hat
59417521,Sienna Wide Brim Hat
59417538,Sienna Wide Brim Hat
59417545,Sienna Wide Brim Hat
59417552,Sienna Wide Brim Hat
59422112,Daisy Straw Cloche Hat - Black
59434771,Sabina Floppy Hat
59434788,Sabina Floppy Hat
59434795,Sabina Floppy Hat
59451983,Piping Hot Paloma Trilby Hat
59452041,Piping Hot Percy Panama Hat
59462071,The Hateful Eight - R18+ DVD
59462088,The Hateful Eight - R18+ Blu-Ray
59488637,Deluxe Witch Hat
59495369,Sally Sinamay Hat
59624370,Piping Hot Pippa Sun Hat
59624387,Piping Hot Dendy Cowboy Hat